<?xml version="1.0" encoding="UTF-8"?>
<beans xmlns="http://www.springframework.org/schema/beans"
	xmlns:xsi="http://www.w3.org/2001/XMLSchema-instance"
	xmlns:aop="http://www.springframework.org/schema/aop" 
	xmlns:context="http://www.springframework.org/schema/context"
	xmlns:mvc="http://www.springframework.org/schema/mvc"
	xmlns:tx="http://www.springframework.org/schema/tx"
	xsi:schemaLocation="http://www.springframework.org/schema/beans http://www.springframework.org/schema/beans/spring-beans.xsd
		http://www.springframework.org/schema/context http://www.springframework.org/schema/context/spring-context-4.3.xsd
		http://www.springframework.org/schema/mvc http://www.springframework.org/schema/mvc/spring-mvc-4.3.xsd
		http://www.springframework.org/schema/aop http://www.springframework.org/schema/aop/spring-aop-4.3.xsd  
		http://www.springframework.org/schema/tx http://www.springframework.org/schema/tx/spring-tx-4.3.xsd">

	<context:component-scan base-package="com.ssmtest">
		<!--不扫描 @Controller注解的类  -->
		<context:exclude-filter type="annotation"
		 expression="org.springframework.stereotype.Controller"/>
	</context:component-scan>
	
	<bean id="dataSource" class="org.springframework.jdbc.datasource.DriverManagerDataSource">
		<!-- <property name="driverClassName" value="com.microsoft.sqlserver.jdbc.SQLServerDriver"/> -->
		<property name="driverClassName" value="com.mysql.jdbc.Driver"/>
		<property name="url" value="jdbc:mysql://127.0.0.1:3306/db_ssm2"/>
		<property name="username" value="root"/>
		<property name="password" value="root"/>
	</bean>
	
	<!-- 配置MyBatis的sqlSessionFactory -->
	<bean id="sqlSessionFactory" class="org.mybatis.spring.SqlSessionFactoryBean">
		<property name="dataSource" ref="dataSource"></property>		
		<property name="mapperLocations" value="classpath:com/ssmtest/mappers/*.xml"></property>
	</bean>
	
	<!-- Mapper接口所在包名，Spring会自动查找其下的Mapper  -->
	<bean class="org.mybatis.spring.mapper.MapperScannerConfigurer">
		<property name="basePackage" value="com.ssmtest.dao"></property>
		<property name="sqlSessionFactoryBeanName" value="sqlSessionFactory"></property>
	</bean>
	
	<!-- 配置transactionManager事务管理器 -->
	<bean id="transactionManager" class="org.springframework.jdbc.datasource.DataSourceTransactionManager">
		<property name="dataSource" ref="dataSource"></property>
	</bean>
	
	<!-- 配置事物通知属性 -->
	<tx:advice id="txAdvice" transaction-manager="transactionManager">
		<!-- 定义事物传播特性 -->
		<tx:attributes>
			<tx:method name="insert*" propagation="REQUIRED"/>
			<tx:method name="update*" propagation="REQUIRED" />  
			<tx:method name="edit*" propagation="REQUIRED" />  
			<tx:method name="save*" propagation="REQUIRED" />  
			<tx:method name="add*" propagation="REQUIRED" />  
			<tx:method name="new*" propagation="REQUIRED" />  
			<tx:method name="set*" propagation="REQUIRED" />  
			<tx:method name="remove*" propagation="REQUIRED" />  
			<tx:method name="delete*" propagation="REQUIRED" />  
			<tx:method name="change*" propagation="REQUIRED" />  
			<tx:method name="check*" propagation="REQUIRED" />  
			<tx:method name="get*" propagation="REQUIRED" read-only="true" />  
			<tx:method name="find*" propagation="REQUIRED" read-only="true" />  
			<tx:method name="load*" propagation="REQUIRED" read-only="true" />  
			<tx:method name="*" propagation="REQUIRED" read-only="true" />  
		</tx:attributes>
	</tx:advice>
	<!-- 配置事物切面 -->
	<aop:config>
		<aop:pointcut id="serviceOperation" expression="execution(* com.ssmtest.service.*.*(..))" />
		<aop:advisor advice-ref="txAdvice" pointcut-ref="serviceOperation"/>
	</aop:config>
</beans>
